radius_mean,texture_mean,perimeter_mean,area_mean,smoothness_mean,compactness_mean,concavity_mean,concave points_mean,symmetry_mean,fractal_dimension_mean,radius_se,texture_se,perimeter_se,area_se,smoothness_se,compactness_se,concavity_se,concave points_se,symmetry_se,fractal_dimension_se,radius_worst,texture_worst,perimeter_worst,area_worst,smoothness_worst,compactness_worst,concavity_worst,concave points_worst,symmetry_worst,fractal_dimension_worst,diagnosis
11.66,17.07,73.7,421.0,0.07561,0.0363,0.008306,0.01162,0.1671,0.05731,0.3534,0.6724,2.225,26.03,0.006583,0.006991,0.005949,0.006296,0.02216,0.002668,13.28,19.74,83.61,542.5,0.09958,0.06476,0.03046,0.04262,0.2731,0.06825,B
15.53,33.56,103.7,744.9,0.1063,0.1639,0.1751,0.08399,0.2091,0.0665,0.2419,1.278,1.903,23.02,0.005345,0.02556,0.02889,0.01022,0.009947,0.003359,18.49,49.54,126.3,1035.0,0.1883,0.5564,0.5703,0.2014,0.3512,0.1204,M
11.93,21.53,76.53,438.6,0.09768,0.07849,0.03328,0.02008,0.1688,0.06194,0.3118,0.9227,2.0,24.79,0.007803,0.02507,0.01835,0.007711,0.01278,0.003856,13.67,26.15,87.54,583.0,0.15,0.2399,0.1503,0.07247,0.2438,0.08541,B
10.17,14.88,64.55,311.9,0.1134,0.08061,0.01084,0.0129,0.2743,0.0696,0.5158,1.441,3.312,34.62,0.007514,0.01099,0.007665,0.008193,0.04183,0.005953,11.02,17.45,69.86,368.6,0.1275,0.09866,0.02168,0.02579,0.3557,0.0802,B
11.89,17.36,76.2,435.6,0.1225,0.0721,0.05929,0.07404,0.2015,0.05875,0.6412,2.293,4.021,48.84,0.01418,0.01489,0.01267,0.0191,0.02678,0.003002,12.4,18.99,79.46,472.4,0.1359,0.08368,0.07153,0.08946,0.222,0.06033,B
